-- Drop tables if they exist to ensure a clean slate
DROP TABLE IF EXISTS INSCRIPCION;
DROP TABLE IF EXISTS CURSOPROFESOR;
DROP TABLE IF EXISTS CURSO;
DROP TABLE IF EXISTS ESTUDIANTE;
DROP TABLE IF EXISTS PROFESOR;
DROP TABLE IF EXISTS PROGRAMA;
DROP TABLE IF EXISTS FACULTAD;
DROP TABLE IF EXISTS PERSONA;

-- Create Tables
CREATE TABLE PERSONA (
    ID BIGINT PRIMARY KEY AUTO_INCREMENT,
    NOMBRES VARCHAR(255) NOT NULL,
    APELLIDOS VARCHAR(255) NOT NULL,
    EMAIL VARCHAR(255)
);

CREATE TABLE FACULTAD (
    ID BIGINT AUTO_INCREMENT PRIMARY KEY,
    NOMBRE VARCHAR(255) NOT NULL,
    DECANO_ID BIGINT,
    FOREIGN KEY (DECANO_ID) REFERENCES PERSONA(ID)
);

CREATE TABLE PROGRAMA (
    ID BIGINT PRIMARY KEY AUTO_INCREMENT,
    NOMBRE VARCHAR(255) NOT NULL,
    DURACION DOUBLE,
    REGISTRO_CALIFICADO DATE,
    FACULTAD_ID BIGINT,
    FOREIGN KEY (FACULTAD_ID) REFERENCES FACULTAD(ID)
);

CREATE TABLE ESTUDIANTE (
    ID BIGINT PRIMARY KEY AUTO_INCREMENT,
    NOMBRES VARCHAR(255) NOT NULL,
    APELLIDOS VARCHAR(255) NOT NULL,
    EMAIL VARCHAR(255),
    CODIGO BIGINT
);

CREATE TABLE PROFESOR (
    ID BIGINT PRIMARY KEY AUTO_INCREMENT,
    NOMBRES VARCHAR(255) NOT NULL,
    APELLIDOS VARCHAR(255) NOT NULL,
    EMAIL VARCHAR(255),
    TIPO_CONTRATO VARCHAR(255)
);

CREATE TABLE CURSO (
    ID BIGINT PRIMARY KEY AUTO_INCREMENT,
    NOMBRE VARCHAR(255) NOT NULL,
    PROGRAMA_ID BIGINT,
    ACTIVO BOOLEAN,
    FOREIGN KEY (PROGRAMA_ID) REFERENCES PROGRAMA(ID)
);

CREATE TABLE INSCRIPCION (
    ID BIGINT PRIMARY KEY AUTO_INCREMENT,
    ANO INT,
    SEMESTRE INT,
    ESTUDIANTE_ID BIGINT,
    CURSO_ID BIGINT,
    FOREIGN KEY (ESTUDIANTE_ID) REFERENCES ESTUDIANTE(ID),
    FOREIGN KEY (CURSO_ID) REFERENCES CURSO(ID)
);

CREATE TABLE CURSOPROFESOR (
    PROFESOR_ID BIGINT,
    CURSO_ID BIGINT,
    ANO INT,
    SEMESTRE INT,
    PRIMARY KEY (PROFESOR_ID, CURSO_ID, ANO, SEMESTRE),
    FOREIGN KEY (PROFESOR_ID) REFERENCES PROFESOR(ID),
    FOREIGN KEY (CURSO_ID) REFERENCES CURSO(ID)
);

-- --- DATOS DE EJEMPLO ---

-- Personas (para decanos o personas externas)
INSERT INTO PERSONA (ID, NOMBRES, APELLIDOS, EMAIL) VALUES
(1, 'Ricardo', 'Perez', 'ricardo.perez@university.com'),
(2, 'Ana', 'Lopez', 'ana.lopez@university.com'),
(3, 'Luis', 'Martinez', 'luis.martinez@external.com');

-- Facultades (una con decano, una sin decano)
INSERT INTO FACULTAD (ID, NOMBRE, DECANO_ID) VALUES
(1, 'Ingeniería', 1),
(2, 'Ciencias Sociales', NULL);

-- Programas
INSERT INTO PROGRAMA (ID, NOMBRE, DURACION, REGISTRO_CALIFICADO, FACULTAD_ID) VALUES
(1, 'Ingeniería de Sistemas', 10, '2023-01-15', 1),
(2, 'Comunicación Social', 8, '2022-05-20', 2);

-- Profesores
INSERT INTO PROFESOR (ID, NOMBRES, APELLIDOS, EMAIL, TIPO_CONTRATO) VALUES
(1, 'Carlos', 'Ramirez', 'carlos.r@university.com', 'Tiempo Completo'),
(2, 'Marta', 'Jimenez', 'marta.j@university.com', 'Cátedra');

-- Estudiantes
INSERT INTO ESTUDIANTE (ID, NOMBRES, APELLIDOS, EMAIL, CODIGO) VALUES
(1, 'Juan', 'Gomez', 'juan.g@student.com', 20241001),
(2, 'Maria', 'Rodriguez', 'maria.r@student.com', 20241002);

-- Cursos
INSERT INTO CURSO (ID, NOMBRE, PROGRAMA_ID, ACTIVO) VALUES
(1, 'Cálculo Diferencial', 1, TRUE),
(2, 'Programación Orientada a Objetos', 1, TRUE),
(3, 'Teorías de la Comunicación', 2, FALSE);

-- Asignaciones de Cursos a Profesores
INSERT INTO CURSOPROFESOR (PROFESOR_ID, CURSO_ID, ANO, SEMESTRE) VALUES
(1, 1, 2025, 1),
(2, 2, 2025, 1);

-- Inscripciones de Estudiantes a Cursos
INSERT INTO INSCRIPCION (ID, ESTUDIANTE_ID, CURSO_ID, ANO, SEMESTRE) VALUES
(1, 1, 1, 2025, 1),
(2, 2, 2, 2025, 1);