-- Drop tables if they exist to ensure a clean slate

-- Create Tables
CREATE TABLE IF NOT EXISTS PERSONA (
    ID BIGINT PRIMARY KEY AUTO_INCREMENT,
    NOMBRES VARCHAR(255) NOT NULL,
    APELLIDOS VARCHAR(255) NOT NULL,
    EMAIL VARCHAR(255)
);

CREATE TABLE IF NOT EXISTS FACULTAD (
    ID BIGINT AUTO_INCREMENT PRIMARY KEY,
    NOMBRE VARCHAR(255) NOT NULL,
    DECANO_ID BIGINT,
    FOREIGN KEY (DECANO_ID) REFERENCES PERSONA(ID)
);

CREATE TABLE IF NOT EXISTS PROGRAMA (
    ID BIGINT PRIMARY KEY AUTO_INCREMENT,
    NOMBRE VARCHAR(255) NOT NULL,
    DURACION DOUBLE,
    REGISTRO_CALIFICADO DATE,
    FACULTAD_ID BIGINT,
    FOREIGN KEY (FACULTAD_ID) REFERENCES FACULTAD(ID)
);

CREATE TABLE IF NOT EXISTS ESTUDIANTE (
    ID BIGINT PRIMARY KEY AUTO_INCREMENT,
    NOMBRES VARCHAR(255) NOT NULL,
    APELLIDOS VARCHAR(255) NOT NULL,
    EMAIL VARCHAR(255),
    CODIGO BIGINT
);

CREATE TABLE IF NOT EXISTS PROFESOR (
    ID BIGINT PRIMARY KEY AUTO_INCREMENT,
    NOMBRES VARCHAR(255) NOT NULL,
    APELLIDOS VARCHAR(255) NOT NULL,
    EMAIL VARCHAR(255),
    TIPO_CONTRATO VARCHAR(255)
);

CREATE TABLE IF NOT EXISTS CURSO (
    ID BIGINT PRIMARY KEY AUTO_INCREMENT,
    NOMBRE VARCHAR(255) NOT NULL,
    PROGRAMA_ID BIGINT,
    ACTIVO BOOLEAN,
    FOREIGN KEY (PROGRAMA_ID) REFERENCES PROGRAMA(ID)
);

CREATE TABLE IF NOT EXISTS INSCRIPCION (
    ID BIGINT PRIMARY KEY AUTO_INCREMENT,
    ANO INT,
    SEMESTRE INT,
    ESTUDIANTE_ID BIGINT,
    CURSO_ID BIGINT,
    FOREIGN KEY (ESTUDIANTE_ID) REFERENCES ESTUDIANTE(ID),
    FOREIGN KEY (CURSO_ID) REFERENCES CURSO(ID)
);

CREATE TABLE IF NOT EXISTS CURSOPROFESOR (
    PROFESOR_ID BIGINT,
    CURSO_ID BIGINT,
    ANO INT,
    SEMESTRE INT,
    PRIMARY KEY (PROFESOR_ID, CURSO_ID, ANO, SEMESTRE),
    FOREIGN KEY (PROFESOR_ID) REFERENCES PROFESOR(ID),
    FOREIGN KEY (CURSO_ID) REFERENCES CURSO(ID)
);

-- --- DATOS DE EJEMPLO ---

-- Personas (para decanos o personas externas)
INSERT INTO PERSONA (ID, NOMBRES, APELLIDOS, EMAIL) VALUES
(1, 'Ricardo', 'Perez', 'ricardo.perez@university.com'),
(2, 'Ana', 'Lopez', 'ana.lopez@university.com'),
(3, 'Luis', 'Martinez', 'luis.martinez@external.com')
ON DUPLICATE KEY UPDATE
    NOMBRES = VALUES(NOMBRES),
    APELLIDOS = VALUES(APELLIDOS),
    EMAIL = VALUES(EMAIL);

-- Facultades (una con decano, una sin decano)
INSERT INTO FACULTAD (ID, NOMBRE, DECANO_ID) VALUES
(1, 'Ingeniería', 1),
(2, 'Ciencias Sociales', NULL)
ON DUPLICATE KEY UPDATE
    NOMBRE = VALUES(NOMBRE),
    DECANO_ID = VALUES(DECANO_ID);

-- Programas
INSERT INTO PROGRAMA (ID, NOMBRE, DURACION, REGISTRO_CALIFICADO, FACULTAD_ID) VALUES
(1, 'Ingeniería de Sistemas', 10, '2023-01-15', 1),
(2, 'Comunicación Social', 8, '2022-05-20', 2)
ON DUPLICATE KEY UPDATE
    NOMBRE = VALUES(NOMBRE),
    DURACION = VALUES(DURACION),
    REGISTRO_CALIFICADO = VALUES(REGISTRO_CALIFICADO),
    FACULTAD_ID = VALUES(FACULTAD_ID);

-- Profesores
INSERT INTO PROFESOR (ID, NOMBRES, APELLIDOS, EMAIL, TIPO_CONTRATO) VALUES
(1, 'Carlos', 'Ramirez', 'carlos.r@university.com', 'Tiempo Completo'),
(2, 'Marta', 'Jimenez', 'marta.j@university.com', 'Cátedra')
ON DUPLICATE KEY UPDATE
    NOMBRES = VALUES(NOMBRES),
    APELLIDOS = VALUES(APELLIDOS),
    EMAIL = VALUES(EMAIL),
    TIPO_CONTRATO = VALUES(TIPO_CONTRATO);

-- Estudiantes
INSERT INTO ESTUDIANTE (ID, NOMBRES, APELLIDOS, EMAIL, CODIGO) VALUES
(1, 'Juan', 'Gomez', 'juan.g@student.com', 20241001),
(2, 'Maria', 'Rodriguez', 'maria.r@student.com', 20241002)
ON DUPLICATE KEY UPDATE
    NOMBRES = VALUES(NOMBRES),
    APELLIDOS = VALUES(APELLIDOS),
    EMAIL = VALUES(EMAIL),
    CODIGO = VALUES(CODIGO);

-- Cursos
INSERT INTO CURSO (ID, NOMBRE, PROGRAMA_ID, ACTIVO) VALUES
(1, 'Cálculo Diferencial', 1, TRUE),
(2, 'Programación Orientada a Objetos', 1, TRUE),
(3, 'Teorías de la Comunicación', 2, FALSE)
ON DUPLICATE KEY UPDATE
    NOMBRE = VALUES(NOMBRE),
    PROGRAMA_ID = VALUES(PROGRAMA_ID),
    ACTIVO = VALUES(ACTIVO);

-- Asignaciones de Cursos a Profesores
INSERT INTO CURSOPROFESOR (PROFESOR_ID, CURSO_ID, ANO, SEMESTRE) VALUES
(1, 1, 2025, 1),
(2, 2, 2025, 1)
ON DUPLICATE KEY UPDATE
    ANO = VALUES(ANO),
    SEMESTRE = VALUES(SEMESTRE);

-- Inscripciones de Estudiantes a Cursos
INSERT INTO INSCRIPCION (ID, ESTUDIANTE_ID, CURSO_ID, ANO, SEMESTRE) VALUES
(1, 1, 1, 2025, 1),
(2, 2, 2, 2025, 1)
ON DUPLICATE KEY UPDATE
    ESTUDIANTE_ID = VALUES(ESTUDIANTE_ID),
    CURSO_ID = VALUES(CURSO_ID),
    ANO = VALUES(ANO),
    SEMESTRE = VALUES(SEMESTRE);
